description;genre;rating
1987 год. Джордан Белфорт становится брокером в успешном инвестиционном банке. Вскоре банк закрывается после внезапного обвала индекса Доу-Джонса. По совету жены Терезы Джордан устраивается в небольшое заведение, занимающееся мелкими акциями. Его настойчивый стиль общения с клиентами и врождённая харизма быстро даёт свои плоды. Он знакомится с соседом по дому Донни, торговцем, который сразу находит общий язык с Джорданом и решает открыть с ним собственную фирму. В качестве сотрудников они нанимают нескольких друзей Белфорта, его отца Макса и называют компанию «Стрэттон Оукмонт». В свободное от работы время Джордан прожигает жизнь: лавирует от одной вечеринки к другой, вступает в сексуальные отношения с проститутками, употребляет множество наркотических препаратов, в том числе кокаин и кваалюд. Однажды наступает момент, когда быстрым обогащением Белфорта начинает интересоваться агент ФБР...;драма,криминал,биография,комедия;7.9
Добро пожаловать в Зверополис – современный город, населенный самыми разными животными, от огромных слонов до крошечных мышек. Зверополис разделен на районы, полностью повторяющие естественную среду обитания разных жителей – здесь есть и элитный район Площадь Сахары и неприветливый Тундратаун. В этом городе появляется новый офицер полиции, жизнерадостная зайчиха Джуди Хоппс, которая с первых дней работы понимает, как сложно быть маленькой и пушистой среди больших и сильных полицейских. Джуди хватается за первую же возможность проявить себя, несмотря на то, что ее партнером будет болтливый хитрый лис Ник Уайлд. Вдвоем им предстоит раскрыть сложное дело, от которого будет зависеть судьба всех обитателей Зверополиса.;мультфильм,комедия,криминал,детектив,приключения,семейный;8.3
Американское семейство отправляется из Чикаго в Европу, но в спешке сборов бестолковые родители забывают дома... одного из своих детей. Юное создание, однако, не теряется и демонстрирует чудеса изобретательности. И когда в дом залезают грабители, им приходится не раз пожалеть о встрече с милым крошкой.;комедия,семейный;8.3
К концу подходит время благоденствия, и лето, длившееся почти десятилетие, угасает. Вокруг средоточия власти Семи королевств, Железного трона, зреет заговор, и в это непростое время король решает искать поддержки у друга юности Эддарда Старка. В мире, где все — от короля до наемника — рвутся к власти, плетут интриги и готовы вонзить нож в спину, есть место и благородству, состраданию и любви. Между тем, никто не замечает пробуждение тьмы из легенд далеко на Севере — и лишь Стена защищает живых к югу от нее.;фэнтези,драма,боевик,мелодрама,приключения;9.0
Жизнь харизматичного авантюриста, капитана Джека Воробья, полная увлекательных приключений, резко меняется, когда его заклятый враг капитан Барбосса похищает корабль Джека Черную Жемчужину, а затем нападает на Порт Ройал и крадет прекрасную дочь губернатора Элизабет Свонн.;фэнтези,боевик,приключения;8.4
В центре сюжета - школьник по имени Морти и его дедушка Рик. Морти - самый обычный мальчик, который ничем не отличается от своих сверстников. А вот его дедуля занимается необычными научными исследованиями и зачастую полностью неадекватен. Он может в любое время дня и ночи схватить внука и отправиться вместе с ним в безумные приключения с помощью построенной из разного хлама летающей тарелки, которая способна перемещаться сквозь межпространственный тоннель. Каждый раз эта парочка оказывается в самых неожиданных местах и самых нелепых ситуациях.;мультфильм,комедия,фантастика,приключения;9.0
Сидя на автобусной остановке, Форрест Гамп — не очень умный, но добрый и открытый парень — рассказывает случайным встречным историю своей необыкновенной жизни.;драма,комедия,мелодрама,история,военный;8.9
Пока Мстители и их союзники продолжают защищать мир от различных опасностей, с которыми не смог бы справиться один супергерой, новая угроза возникает из космоса: Танос. Межгалактический тиран преследует цель собрать все шесть Камней Бесконечности - артефакты невероятной силы, с помощью которых можно менять реальность по своему желанию. Всё, с чем Мстители сталкивались ранее, вело к этому моменту – судьба Земли никогда ещё не была столь неопределённой.;фантастика,боевик,приключения;8.0
Два американских судебных пристава отправляются на один из островов в штате Массачусетс, чтобы расследовать исчезновение пациентки клиники для умалишенных преступников. При проведении расследования им придется столкнуться с паутиной лжи, обрушившимся ураганом и смертельным бунтом обитателей клиники.;триллер,детектив,драма;8.5
Что, если в один прекрасный день в тебя вселится симбиот, который наделит тебя сверхчеловеческими способностями? Вот только Веном — симбиот совсем недобрый, и договориться с ним невозможно. А нужно ли договариваться? Ведь в какой-то момент ты понимаешь, что быть плохим вовсе не так уж и плохо, так даже веселее. А в мире и так слишком много супергероев.;фантастика,боевик,триллер,ужасы;6.9
1960-е годы. После закрытия нью-йоркского ночного клуба на ремонт вышибала Тони по прозвищу Болтун ищет подработку на пару месяцев. Как раз в это время Дон Ширли — утонченный светский лев, богатый и талантливый чернокожий музыкант, исполняющий классическую музыку — собирается в турне по южным штатам, где ещё сильны расистские убеждения и царит сегрегация. Он нанимает Тони в качестве водителя, телохранителя и человека, способного решать текущие проблемы. У этих двоих так мало общего, и эта поездка навсегда изменит жизнь обоих.;биография,комедия,драма;8.4
На следующее утро после празднования 85-летия известного автора криминальных романов Харлана Тромби виновника торжества находят мёртвым. Налицо — явное самоубийство, но полиция по протоколу опрашивает всех присутствующих в особняке членов семьи, хотя, в этом деле больше заинтересован частный детектив Бенуа Блан. Тем же утром он получил конверт с наличными от неизвестного и заказ на расследование смерти Харлана. Не нужно быть опытным следователем, чтобы понять, что все приукрашивают свои отношения с почившим главой семейства, но Блану достаётся настоящий подарок — медсестра покойного, которая физически не выносит ложь.;детектив,комедия,драма,криминал;8.0
В первом и последнем плавании шикарного «Титаника» встречаются двое. Пассажир нижней палубы Джек выиграл билет в карты, а богатая наследница Роза отправляется в Америку, чтобы выйти замуж по расчёту. Чувства молодых людей только успевают расцвести, и даже не классовые различия создадут испытания влюблённым, а айсберг, вставший на пути считавшегося непотопляемым лайнера.;мелодрама,история,триллер,драма;8.4
Бэтмен поднимает ставки в войне с криминалом. С помощью лейтенанта Джима Гордона и прокурора Харви Дента он намерен очистить улицы Готэма от преступности. Сотрудничество оказывается эффективным, но скоро они обнаружат себя посреди хаоса, развязанного восходящим криминальным гением, известным напуганным горожанам под именем Джокер.;фантастика,боевик,триллер,криминал,драма;8.5
Нью-йоркский писатель Эдди, желая преодолеть чёрную полосу в жизни, принимает засекреченный препарат под названием NZT. Таблетка выводит мозг парня на работу в нереальной мощности. Этот творческий наркотик меняет всю жизнь Эдди, за короткий срок он зарабатывает кучу денег, но скоро начинает страдать от зловещих побочных эффектов препарата. А когда пытается найти других NZT-гениев, чтобы понять, как можно справиться с этим пристрастием, он узнает страшную правду…;триллер,драма,фантастика;8.0
Локи, сводный брат Тора, возвращается, и в этот раз он не один. Земля оказывается на грани порабощения, и только лучшие из лучших могут спасти человечество. Глава международной организации Щ.И.Т. Ник Фьюри собирает выдающихся поборников справедливости и добра, чтобы отразить атаку. Под предводительством Капитана Америки Железный Человек, Тор, Невероятный Халк, Соколиный Глаз и Чёрная Вдова вступают в войну с захватчиком.;фантастика,боевик,фэнтези,приключения;7.9
Крыс Реми обладает уникальным вкусом. Он готов рисковать собственной жизнью, чтобы посмотреть любимое кулинарное шоу и раздобыть какую-нибудь приправку или просто свежий продукт. Реми живет со своими сородичами, которые его не понимают и не принимают его увлечения кулинарией. Когда Реми случайно попадает на кухню шикарного ресторана, он решает воспользоваться выпавшим ему шансом и проверить свои навыки. ;мультфильм,приключения,комедия,семейный,фэнтези,драма;8.0
Наследник знаменитого дома Атрейдесов Пол отправляется вместе с семьей на одну из самых опасных планет во Вселенной — Арракис. Здесь нет ничего, кроме песка, палящего солнца, гигантских чудовищ и основной причины межгалактических конфликтов — невероятно ценного ресурса, который называется меланж. В результате захвата власти Пол вынужден бежать и скрываться, и это становится началом его эпического путешествия. Враждебный мир Арракиса приготовил для него множество тяжелых испытаний, но только тот, кто готов взглянуть в глаза своему страху, достоин стать избранным.;фантастика,боевик,драма,приключения;7.7
У величественного Короля-Льва Муфасы рождается наследник по имени Симба. Уже в детстве любознательный малыш становится жертвой интриг своего завистливого дяди Шрама, мечтающего о власти.;мультфильм,мюзикл,драма,приключения,семейный;8.8
Робот ВАЛЛ·И из года в год прилежно трудится на опустевшей Земле, очищая нашу планету от гор мусора, которые оставили после себя улетевшие в космос люди. Он и не представляет, что совсем скоро произойдут невероятные события, благодаря которым он встретит друзей, поднимется к звездам и даже сумеет изменить к лучшему своих бывших хозяев, совсем позабывших родную Землю.;мультфильм,фантастика,приключения,семейный;8.3
Вы узнаете историю подростка Иккинга, которому не слишком близки традиции его героического племени, много лет ведущего войну с драконами. Мир Иккинга переворачивается с ног на голову, когда он неожиданно встречает дракона Беззубика, который поможет ему и другим викингам увидеть привычный мир с совершенно другой стороны…;мультфильм,фэнтези,комедия,приключения,семейный;8.2
Райли — обычная 11-летняя школьница, и, как у каждого из нас, ее поведение определяют пять базовых эмоций: Радость, Печаль, Страх, Гнев и Брезгливость. Эмоции живут в сознании девочки и каждый день помогают ей справляться с проблемами, руководя всеми ее поступками. До поры до времени эмоции живут дружно, но вдруг оказывается, что Райли и ее родителям предстоит переезд из небольшого уютного городка в шумный и людный мегаполис. Каждая из эмоций считает, что именно она лучше прочих знает, что нужно делать в этой непростой ситуации, и в голове у девочки наступает полная неразбериха. Чтобы наладить жизнь в большом городе, освоиться в новой школе и подружиться с одноклассниками, эмоциям Райли предстоит снова научиться работать сообща.;мультфильм,семейный,комедия;8.1
Великобритания, 1960-е годы. Эстелла была необычным ребёнком, и особенно трудно ей было мириться со всякого рода несправедливостью. Вылетев из очередной школы, она с мамой отправляется в Лондон. По дороге они заезжают в особняк известной модельерши по имени Баронесса, где в результате ужасного несчастного случая мама погибает. Добравшись до Лондона, Эстелла знакомится с двумя мальчишками — уличными мошенниками Джаспером и Хорасом.;комедия,криминал,драма;7.5
Питер Паркер вместе с одноклассниками отправляется на летние каникулы в Европу. Однако отдохнуть приятелям вряд ли удастся — по прибытии в Венецию группа попадет в эпицентр сражения. Некое существо, состоящее из воды, появляется из ниоткуда и начинает крушить всё на своём пути, и теперь Питеру придётся спасать европейские архитектурные памятники вместе с загадочным супергероем Мистерио.;фантастика,боевик,приключения;7.4
26 апреля 1988 года химик Валерий Легасов, надёжно спрятав шесть аудиокассет со своими воспоминаниями, вешается у себя в квартире.;драма,история;8.8
Слевину не везет. Дом опечатан, девушка ушла к другому… Его друг Ник уезжает из Нью-Йорка и предлагает Слевину пожить в пустой квартире. В это время крупный криминальный авторитет по прозвищу Босс хочет рассчитаться со своим бывшим партнером за убийство сына и в отместку «заказать» его наследника.;триллер,драма,криминал;8.1
Самый маленький герой Америки устраивает большой переполох в Нью-Йорке! Кевин МакКалистер вернулся! Но теперь он один не дома, а в Нью-Йорке и у него достаточно денег и кредитных карточек, чтобы превратить Большое Яблоко в собственную площадку для игр.;комедия,семейный,приключения;8.0
Более чем через год после того как в него вселился инопланетный симбиот Веном, журналист Эдди Брок пытается приспособиться к новой жизни с суперспособностями и постоянным желанием Венома откусывать людям головы. Брок пытается возродить свою карьеру и берет интервью у серийного убийцы Клетуса Кэседи, а тот случайно становится хозяином симбиота Карнажа и сбегает из тюрьмы прямо во время собственной казни.;фантастика,боевик,ужасы;6.1
Питер Паркер – обыкновенный школьник. Однажды он отправился с классом на экскурсию, где его кусает странный паук-мутант. Через время парень почувствовал в себе нечеловеческую силу и ловкость в движении, а главное – умение лазать по стенам и метать стальную паутину. Свои способности он направляет на защиту слабых. Так Питер становится настоящим супергероем по имени Человек-паук, который помогает людям и борется с преступностью. Но там, где есть супергерой, рано или поздно всегда объявляется и суперзлодей...;фантастика,боевик,приключения;7.7
Действие фильма происходит в будущем (2035 г.), где роботы являются обычными помощниками человека. Главный герой – полицейский, «не переваривающий» роботов, расследует дело об убийстве, в которое оказывается вовлечен робот.;фантастика,боевик,триллер,детектив;7.8
Доктор Гарри Вендершпигль — отшельник в небольшом городке в Колорадо. Ещё он — пришелец, который на самом деле упал на Землю и занял тело врача. Когда же доктора убивают, пришелец вынужден отложить миссию по возвращению домой и занять место убитого. Живя в новом теле, он постепенно начинает задаваться вопросами, стоят люди спасения или нет.;фантастика,драма,комедия,детектив;8.1
Охотник Хью Гласс серьезно ранен на неизведанных просторах американского Дикого Запада. Товарищ Хью по отряду покорителей новых земель Джон Фицжеральд предательски оставляет его умирать в одиночестве. Теперь у Гласса осталось только одно оружие – его сила воли. Он готов бросить вызов первобытной природе, суровой зиме и враждебным племенам индейцев, только чтобы выжить и отомстить Фицжеральду.;приключения,вестерн,боевик,драма,биография;7.8
Инженер Бен отправляется в необычное путешествие. В ходе своей поездки он встречает семерых незнакомцев, включая смертельно больную Эмили, которая называет себя девушкой с подбитыми крыльями. Бен неожиданно влюбляется в нее, что сильно усложняет его первоначальный план. Сможет ли он разгадать послание судьбы?;драма,мелодрама;8.2
Когда в городке Дерри штата Мэн начинают пропадать дети, несколько ребят сталкиваются со своими величайшими страхами - не только с группой школьных хулиганов, но со злобным клоуном Пеннивайзом, чьи проявления жестокости и список жертв уходят в глубь веков.;ужасы,фэнтези,драма,детектив;7.3
78-летний ворчун Карл Фредриксен считает, что жизнь обходит его стороной. Чтобы сдержать обещание, данное своей почившей жене, он решает осуществить свою мечту о великом приключении, привязав тысячи воздушных шариков к своему дому и улетев в дебри Южной Америки. Не пролетев и полмили, путешественник обнаруживает, что он ненароком прихватил с собой крайне разговорчивого и неисправимо жизнерадостного 8-летнего мальчика по имени Рассел...;мультфильм,драма,комедия,приключения,семейный;8.0
Давным-давно в волшебной стране Кумандре бок о бок с людьми жили драконы — создатели и хранители воды. Мирной жизни пришел конец, когда появились друуны. Порождения тьмы обращали людей и драконов в каменные изваяния, и только магия драконихи Сису смогла прогнать злых созданий и расколдовать людей, но на драконов не подействовала. Кумандра раскололась на государства Сердца, Клыка, Когтя, Хребта и Хвоста, а волшебный драконий камень хранился в стране Сердца, которой правил отец Райи. Он мечтал объединить земли, но из-за человеческой жадности и зависти артефакт раскололся. Правитель каждой страны заполучил по осколку, а друуны снова стали властвовать безраздельно.;мультфильм,фэнтези,боевик,драма,комедия,приключения,семейный;8.1
Фильм рассказывает историю Виктора Наворски, отправившегося в Нью-Йорк из Восточной Европы. Пока Виктор летел в самолете, на его родине произошел государственный переворот. Оказавшись в международном аэропорту имени Джона Кеннеди с паспортом ниоткуда, он не имеет права въехать в Соединенные Штаты и должен коротать свои дни и ночи на скамейках у выхода 67, пока война в его родной стране не закончится.;драма,мелодрама,комедия;8.1
В антиутопическом Чикаго будущего существует общество, члены которого придумали способ избегать конфликтов и поддерживать вокруг незыблемый порядок. Каждый человек по достижении 16 лет должен определить, к чему лежит его душа, и в зависимости от своих личностных качеств присоединиться к одной из пяти фракций – Искренность, Бесстрашие, Эрудиция, Дружелюбие или Отречение. ;фантастика,детектив,боевик,мелодрама;6.7
Будущее. Деспотичное государство ежегодно устраивает показательные игры на выживание, за которыми в прямом эфире следит весь мир. Жребий участвовать в Играх выпадает юной Китнисс и тайно влюбленному в нее Питу. Они знакомы с детства, но теперь должны стать врагами. Ведь по нерушимому закону Голодных игр победить может только один из 24 участников. Судьям не важно, кто выиграет, главное — зрелище. И на этот раз зрелище будет незабываемым.;фантастика,боевик,триллер,приключения;7.3
Юная волшебница Малефисента вела уединенную жизнь в зачарованном лесу, окруженная сказочными существами, но однажды все изменилось… В её мир вторглись люди, которые принесли с собой разрушение и хаос, и Малефисенте пришлось встать на защиту своих подданных, призвав на помощь могущественные тёмные силы.;фэнтези,семейный,мелодрама,приключения;7.2
Криминальная сага, повествующая о нью-йоркской сицилийской мафиозной семье Корлеоне. Фильм охватывает период 1945-1955 годов.;драма,криминал;8.7
В новой истории о поисках истины, предательстве, вечной молодости и смертельной опасности капитану Джеку Воробью предстоит столкнуться с женщиной из своего прошлого Анжеликой. До самого конца не будет понятно, связывает ли их настоящая любовь, или же Анжелика искусно притворяется, чтобы вместе с Джеком добраться до таинственного источника вечной молодости. ;приключения,боевик,фэнтези,комедия;7.3
Крис Гарднер – отец-одиночка. Воспитывая пятилетнего сына, Крис изо всех сил старается сделать так, чтобы ребенок рос счастливым. Работая продавцом, он не может оплатить квартиру, и их выселяют.;драма,биография;8.3
Великолепный водитель – при свете дня он выполняет каскадерские трюки на съёмочных площадках Голливуда, а по ночам ведет рискованную игру. Но один опасный контракт – и за его жизнь назначена награда. Теперь, чтобы остаться в живых и спасти свою очаровательную соседку, он должен делать то, что умеет лучше всего – виртуозно уходить от погони.;криминал,драма,триллер;7.3
Нью-Йорк, 1799 год. Икабода Крэйна, молодого констебля, отправляют в местечко Сонная лощина для расследования загадочных убийств. Все жертвы, как сообщает местное население, погибают от меча всадника без головы.;триллер,фэнтези,ужасы,детектив;7.9
Действие разворачивается через 10 лет после событий, описанных в первом эпизоде знаменитой саги. Республика все глубже погружается в пучину противоречий и хаоса. Движение сепаратистов, представленное сотнями планет и могущественным альянсом корпораций, грозит стать новой угрозой для Галактики, с которой не смогут справиться даже джедаи.;фантастика,боевик,фэнтези,приключения;8.0
Шесть историй — пять реинкарнаций, происходящих в разное время, тесно переплетающихся между собой.;фантастика,драма,боевик,детектив,приключения;7.7
Через тридцать лет после гибели Дарта Вейдера и Императора галактика по-прежнему в опасности. Государственное образование Первый Орден во главе с таинственным верховным лидером Сноуком и его правой рукой Кайло Реном идёт по стопам Империи, пытаясь захватить всю власть. В это нелёгкое время судьба сводит юную девушку Рей и бывшего штурмовика Первого Ордена Финна с героями войны с Империей - Ханом Соло, Чубаккой и генералом Леей. Вместе они должны дать бой Первому Ордену, однако настаёт тот момент, когда становится очевидно, что лишь джедаи могут остановить Сноука и Кайло Рена.;фантастика,боевик,приключения;7.1
Он — телохранитель мирового уровня. Его новая работа — охранять киллера, которого все мечтают убить. Он и сам с удовольствием прикончил бы этого гада, но работа есть работа: смертельные враги в прошлом, они вынуждены объединиться в настоящем. Однако их методы настолько различны, а принципы противоположны, так что вопрос выживания — под большим вопросом.;боевик,комедия;6.9
Это должно было стать идеальным преступлением. Задумав ограбить ювелирный магазин, криминальный босс Джо Кэбот собрал вместе шестерых опытных и совершенно незнакомых друг с другом преступников. Но с самого начала все пошло не так, и обычный грабеж превратился в кровавую бойню.;криминал,драма,триллер;8.1
По нелепой случайности Фрай попадает в будущее — в 3000 год, где его ждут верные друзья в лице безумного робота Бендера и одноглазой Лилы.;мультфильм,фантастика,комедия,приключения;8.2
Миньоны живут на планете гораздо дольше нас. У них одна навязчивая идея – служить самой Гадкой личности из имеющихся в наличии. Динозавры, фараоны, Дракула, Наполеон – все они оказались недолговечны. И тогда миньоны рванули в Нью-Йорк. Их ждут деньги, власть, роковая суперзлодейка Скарлет Оверкилл и, конечно же, вкуснейшая “банана”! Во всяком случае, так им кажется.;мультфильм,фантастика,комедия,криминал,приключения,семейный;6.2
40 лет назад Харриет Вангер бесследно пропала на острове, принадлежащем могущественному клану Вангер. Тело так и не нашли, но её дядя убежден, что девушку убили, и что убийца является членом его собственной неблагополучной семьи. Он нанимает опального журналиста Микаэля Блумквиста и татуированную хакершу Лисбет Саландер для проведения расследования.;детектив,триллер,драма,криминал;7.7
9 ноября неподалёку от Палм-Спрингс идёт подготовка к свадьбе. Найлз, парень одной из подружек невесты, не торопится облачаться в смокинг — в шортах и гавайской рубашке он запрыгивает в бассейн и целый день расслабленно выпивает, а вечером произносит трогательную речь для молодожёнов. Последнее особенно впечатляет старшую сестру невесты Сару, и вот уже девушка оказывается с Найлзом наедине под звёздным небом. Но тут события принимают неожиданный поворот, и Сара вслед за своим новым приятелем заходит в загадочную пещеру, а на следующий день обнаруживает, что на календаре снова 9 ноября.;комедия,мелодрама,фантастика;7.3
История о неистовом и романтичном прошлом Росомахи, его сложных отношениях с Виктором Кридом и о зловещей программе Оружие Х. При этом Росомаха встречается со многими мутантами, и узнает несколько легенд о мире Людей Икс.;фантастика,боевик;7.4
На этот раз Ральф и Ванилопа фон Кекс выйдут за пределы зала игровых автоматов и отправятся покорять бескрайние просторы интернета, который может и не выдержать сокрушительного обаяния громилы.;мультфильм,комедия,приключения,семейный,фантастика;7.3
Тысячи людей спешат увидеть Мир Юрского периода, но безопасное на первый взгляд развлечение может обернуться угрозой для жизни.;фантастика,приключения,боевик;6.9
Город грехов - это бездна преступлений. Здесь полиция коррумпирована, а улицы смертельно опасны. Тем не менее один из жителей пытается найти убийцу своей подруги. Другой, фотограф, случайно становится свидетелем убийства полицейского и старается скрыть преступление. Спуститесь по глухому переулку города, и вы найдете кое-что еще.;боевик,триллер,криминал,детектив;7.9
Молодая невеста — теперь часть семьи своего новоиспеченного мужа, богатого эксцентричного рода, чтящего вековые традиции. Кто бы мог подумать, что первая брачная ночь превратится в смертельную игру с новообретёнными родственниками, в которой девушке нужно будет очень постараться, чтобы дожить до рассвета.;триллер,комедия,ужасы;6.9
История семьи супергероев, члены которой уже отошли от больших дел и предпочитают жить непримечательной жизнью обычных землян. Они обладают сверхъестественными способностями и относительно легко справлялись с мировым злом.;мультфильм,боевик,приключения,семейный;7.6
Стоит апрель 1945 года, и победа над немцами уже близка: союзники уверенно продвигаются вглубь вражеской территории, и оказываемое им сопротивление становится слабее день ото дня. Это, однако, совсем не значит, что на пути к победе союзные войска не потеряют еще множество людей, и многие солдаты сознают, что смерть ждет на расстоянии вытянутой руки. Среди закаленных в бою пессимистов, каждый день ведущих ожесточенные бои во имя победы, экипаж танка, на чьем дуле намалевано слово «Ярость». ;боевик,драма,военный;7.4
Некогда мирное и процветающее египетское царство погружается в хаос: беспощадный бог тьмы Сет убивает своего брата Осириса и узурпирует трон. Вызов ему неожиданно бросает простой смертный, находчивый молодой вор. Чтобы вернуть к жизни свою прекрасную возлюбленную, ему приходится заручиться поддержкой могущественного и мстительного бога Гора. Лишь выдержав испытание на прочность и принеся в жертву все самое дорогое, им удастся противостоять Сету и его приспешникам в мире живых и мире мертвых.;фэнтези,боевик,приключения;6.1
Спасаясь от полиции после ограбления банка, два брата-преступника берут в заложники священника с двумя детьми и бегут в Мексику. Там они должны дождаться подельника, а для этого всей компании нужно переждать ночь в баре дальнобойщиков.;криминал,ужасы,боевик,комедия;7.8
Отвязный ярко-синий ёжик Соник из параллельного мира вместе с новообретённым лучшим другом-человеком по имени Том знакомится со сложностями жизни на Земле и противостоит злодейскому доктору Роботнику, который хочет пленить ёжика и использовать его безграничные суперсилы для завоевания мирового господства.;боевик,комедия,фантастика,приключения,семейный;6.7
Прошло два года с тех пор, как юный Сэм Уитвикки спас Вселенную, предотвратив глобальную битву между враждующими воинственными расами инопланетных роботов. Несмотря на свои героические подвиги, Сэм остается обычным подростком с обычными проблемами — поступлением в колледж и родителями. Разумеется, отъезд будет тяжело воспринят лучшим другом, роботом — телохранителем Бамблби.;фантастика,боевик,приключения;7.1
Случайно обнаружив настольную игру со странным названием «Джуманджи», Алан Пэрриш на глазах изумленной подружки перенёсся в джунгли. Он находился в этом мире до тех пор, пока двое ни о чем не подозревающих подростков не нашли игру и не сняли волшебные чары, освободив Алана из многолетнего плена. Теперь им предстоит решить нелегкую задачу - пройти немыслимые препятствия и одержать победу над силами магии.;фэнтези,комедия,приключения,семейный;7.9
«Как я встретил вашу маму» — комедия про Теда и про то, как он влюбился. Все неприятности начинаются с того, что лучший друг Теда, Маршалл, вдруг неожиданно сообщает, что он хочет сделать предложение своей давней подруге Лили, воспитательнице детского сада. К тому времени Тед понимает, что ему нужно прилагать больше усилий, если он действительно надеется найти свою настоящую любовь. Помогает ему в этих поисках его друг Барни - убеждённый холостяк, вечно со своим, иногда чересчур, мнением на всё происходящее, со склонностью к костюмам и верным способом знакомиться с девушками. Когда Тед встречает Робин, он решает, что это любовь с первого взгляда, но у судьбы в запасе есть кое-что ещё.;комедия,мелодрама,драма;8.6
Шмидт и Дженко люто ненавидели друг друга в школе. Однако жизнь распорядилась так, чтобы в полицейской академии они стали друзьями. Их никак нельзя было назвать гордостью альма-матер до тех пор, пока судьба не подкинула шанс все изменить — они поступили на службу в департамент секретной службы на Джамп-стрит, которой руководит капитан Диксон. Они меняют пистолеты и удостоверения на ранцы и используют свою моложавую внешность как прикрытие. Беда в том, что современные тинейджеры сильно отличаются от тех, какими их запомнили Шмидт и Дженко. Друзья понимают, что все их знания о сексе, наркотиках и рок-н-ролле в корне неверны. Кроме того, парни понимают, что, несмотря на прошедшие годы, детские комплексы им так и не удалось полностью искоренить. Обоим предстоит вновь заглянуть в глаза собственным страхам и в прямом смысле слова вернуться в шкуры подростков.;боевик,комедия,криминал;7.0
Главная героиня – сотрудник кадрового агентства, которую преследуют фобии в отношениях с обязательствами. Однако, эти проблемы оказываются надуманными, после того как она встречает редактора глянцевого журнала. Он, в свою очередь, устал от женщин, которые мечтают вступить с ним в связь. Таким образом, созданы все условия для бурного романа и столкновения характеров и желаний.;мелодрама,комедия,драма;7.1
Он - восходящая звезда нового телешоу, и его жизненное кредо — «секс, наркотики и рок-н-ролл», он совсем не признает равенство полов, политкорректность и так далее… В общем, настоящий мачо.;мелодрама,комедия;7.6
Влюбиться в вампира - страшно и романтично. Но потерять любимого, решившего ценой разрыва спасти свою девушку от роли пешки в вечном противостоянии кланов «ночных охотников», - это просто невыносимо. Белла Свон мучительно переживает исчезновение Эдварда и безуспешно ищет забвения в дружбе с мальчишкой-индейцем Джейкобом Блэком. Она даже не подозревает, что её лучший друг - порождение ещё одного «народа Тьмы». Народа, куда более жестокого и опасного, чем аристократы-вампиры...;фэнтези,драма,мелодрама,приключения;6.0
Глава семейства вступает в противостояние с молодым и богатым парнем своей дочери.;комедия;6.7
Бывший агент ЦРУ, пожилой афроамериканец Роберт Маккол, решил начать жизнь заново, оставить непростое прошлое и смотреть в будущее, как и обещал покойной жене. Он уже нашёл обычную работу продавца в магазине. Однажды Маккол вступается за юную проститутку Тери, с которой болтал в местной закусочной и которая находится под контролем русской мафии. Маккол прекращает свою добровольную отставку и начинает самостоятельные поиски правосудия. Все, кто страдает от криминальных авторитетов, коррумпированных чиновников и не может найти помощи у государства, находят помощь в лице Маккола. Он поможет. Потому что он — великий уравнитель.;боевик,триллер,криминал;7.0
Анастейша Стил — скромная студентка, живущая вместе с близкой подругой-сокурсницей Кейт. За неделю до выпускного в университете Анастейша, по просьбе заболевшей Кейт заменить её, берёт интервью у молодого красавца-миллиардера Кристиана Грея. Интервью складывается не очень удачно, и Анастейша не думает, что они когда-либо встретятся вновь. Неожиданно Грей появляется в хозяйственном магазине, где девушка работает продавцом. Их знакомство продолжается, и Анастейша постепенно узнаёт о тайных сексуальных увлечениях богача.;мелодрама;4.4
Первый сезон сериала сосредоточен на семействе Хармонов, которые переезжают из Бостона в Лос-Анджелес, чтобы начать новую жизнь, и поселяются в старинном отреставрированном особняке, не представляя, что его предыдущие жильцы так и не нашли покоя после смерти.;ужасы,фантастика,триллер,драма;7.9
Семь незнакомцев, у каждого из которых есть своя тайна, встречаются в заброшенном отеле «Эль Рояль» на озере Тахо. И этой ночью у каждого будет шанс на искупление… прежде чем всё пойдет к чертям.;триллер,драма,криминал,детектив;7.2
Такие харизматичные герои как члены клана Крудс просто не в силах усидеть на месте. Они смело идут навстречу самым головокружительным приключениям и готовы ответить непредсказуемостью и находчивостью на любой вызов судьбы.;мультфильм,фэнтези,комедия,приключения,семейный;7.4
Мы посылаем сигналы в космос и ждем ответа. Но уверены ли мы, что хотим его получить? Что если пришельцы потенциально опасны?   В 2009 году на конференции в Вашингтоне астронавт Эдгар Митчелл, побывавший на Луне, сделал сенсационное заявление о существовании внеземной жизни.  Теперь мы знаем, контакт не просто возможен, он неизбежен!;фантастика,боевик,триллер,приключения;6.6
Автоботы и десептиконы оставили человечество собирать планету по кусочкам. Между тем группа могущественных бизнесменов и гениальных ученых пытается извлечь уроки из ошибок прошлого и улучшить технологии до такой степени, чтобы выйти за пределы контролируемого ранее. В это время другая группа — древних мощных трансформеров — берет Землю под прицел.;фантастика,боевик,приключения;6.1
Спустя 40 лет после гибели Александра пожилой Птолемей, один из ближайших соратников Македонского, ставший после его смерти наместником Египта, решает рассказать и записать историю побед великого полководца. В течение восьми лет войско Александра Великого двигалось на Восток, к берегам мирового Океана. ;боевик,драма,военный,биография,история;7.2
После того, как агент ЦРУ Итан Хант поймал Соломона Лейна, его последователи, называющие себя «Апостолы» пытаются совершить ядерную катастрофу, заполучив украденный плутоний. Упустив их в Берлине, Итан должен решить, что важнее: жизнь его друзей или жизнь миллиардов?;боевик,триллер,приключения;7.3
Военный Рэй Гаррисон возвращается из очередной горячей точки к любимой красавице-жене. Супруги проводят отпуск в Европе, но счастье длится недолго — террористы, не сумев вытянуть из Рэя нужную им информацию, убивают жену, а затем и его самого. Но вскоре корпорация RST возвращает его к жизни. Армия нанороботов в крови превратила Рэя в бессмертного Бладшота, и теперь солдат наделен сверхсилой и способностью мгновенно самоисцеляться, вот только память оставляет желать лучшего. Но вскоре воспоминания о последних мгновениях жизни возвращаются, и Бладшот отправляется мстить за смерть жены.;фантастика,боевик;5.8
Журналистка Энди Андерсон решает написать статью на тему: «Типичные ошибки, которыми женщины отталкивают от себя мужчин». Она планирует найти парня, завязать знакомство, а потом своим поведением добиться, чтобы тот её бросил. Редактор даёт ей на это 10 дней. На беду Энди ее выбор пал на молодого рекламного агента Бенджамина Бэрри, который сам как раз заключил со своим боссом пари, что он сможет влюбить в себя девушку за 10 дней. Может ли такое странное знакомство, основанное на авантюре и замешанное на лжи, привести к взаимности?;мелодрама,комедия;7.3
История о девочке, живущей в ином измерении, по имени Стар Баттерфляй, которая получила в 14 лет волшебную палочку. Но после того, как Стар чуть ли не превратила свой родной город в прах, родители отправили её в другое измерение, которое называется Земля, чтобы жить с семьёй Диаз, которая состоит из добродушных родителей и подростка по имени Марко. Все одноклассники и друзья считают его тихоней, который остерегается даже обыкновенного падения. Марко считает это неправдой, и из-за такой репутации подросток жаждет приключений и опасностей.;мультфильм,фантастика,фэнтези,боевик,триллер,драма,комедия,приключения,семейный;8.5
Стефани, мама-блогер из маленького городка, оказывает подруге простую услугу, после чего та бесследно исчезает… Вместе с Шоном, мужем пропавшей, Стефани должна докопаться до истины. Отныне их жизни полны тайн и предательств, любви и верности, убийств и мести.;триллер,комедия,криминал,детектив;6.9
Молодой ученый испытывает на обезьянах новое лекарство от болезни Альцгеймера. У препарата обнаруживается удивительный побочный эффект: он повышает в несколько раз интеллект приматов.;фантастика,боевик,триллер,драма;7.4
Действие разворачивается в будущем, в республике Гилеад, где у власти стоят военные. В стране жестокие порядки и нравы, уважением в обществе пользуются только офицеры и их жёны. Помимо тоталитарного устройства общества, в мире будущего есть серьёзная проблема — бесплодие. Лишь каждая сотая женщина способна к воспроизведению потомства. Чтобы продолжить офицерский род, семьи берут в дом служанку - суррогатную мать из числа простых женщин, способных к деторождению. Исполнив  долг, служанка должна расстаться со своим ребёнком и перейти на службу к новым хозяевам.;фантастика,триллер,драма;7.9
Ковбой Вуди и другие игрушки мальчика по имени Энди продолжают жить, радуясь каждому дню. Но неожиданно все меняется, когда Вуди похищает коварный коллекционер. Оказывается, что Вуди - очень ценная игрушка из коллекции, за которую японский музей игрушек готов заплатить огромную сумму. В доме коллекционера он находит своих родственников. В это время игрушки во главе с Баззом Лайтером отправляются спасать Вуди.;мультфильм,фэнтези,комедия,приключения,семейный;7.8
Группа исследователей с международного космического корабля обнаруживает жизнь на Марсе. Они еще не подозревают, какие события повлечет за собой их открытие.;ужасы,фантастика,триллер;6.5
2257 год. Родина Тодда Хьюитта — колонизированная планета Новый Мир, где мысли мужчин имеют визуально-звуковое воплощение и называются шумом. Парень живёт в небольшой деревне, населённой исключительно мужчинами, и ещё не научился скрывать свои мысли от окружающих. Однажды над планетой терпит крушение корабль-разведчик из второй волны колонистов, в результате чего Тодд впервые в сознательной жизни видит девушку. Местный мэр решает использовать её в своих коварных планах, но девушка сбегает, и теперь без помощи Тодда ей не обойтись.;фантастика,фэнтези,боевик,приключения;6.5
Сериал о трудовых буднях небольшого регионального офиса крупной компании, обитатели которого целыми днями должны терпеть закидоны своего непутевого босса.;комедия;8.5
Кибертехнологии подчинили себе все сферы жизни, а самые опасные преступники переместились в виртуальное пространство. Киборг-гибрид, стоящий во главе элитного подразделения полиции, идет по следу могущественного хакера.;фантастика,боевик,триллер,драма,криминал,детектив;6.4
Лабиринт пройден, но Томасу, Терезе, Минхо и прочим глэйдерам не приходится расслабляться. Таинственное руководство ПОРОКА - секретной организации, устроившей гонки на выживание - назначает ребятам новые, смертельно опасные испытания. На сей раз их ждет переход по раскаленной пустыне и встреча с жертвами неизлечимой болезни, которые отличаются буйным нравом и непредсказуемым поведением.;фантастика,боевик,триллер,приключения;6.2
Фильм завершает невероятную историю семьи Скайуокеров, длящуюся уже более сорока лет, и обещает дать ответы на все загадки из предыдущих серий. Зрителя ожидают старые и новые герои, уникальные миры, увлекательные путешествия на край Галактики и грандиозный финал фантастической саги.;фантастика,фэнтези,боевик,приключения;6.0
Семь лет назад доктор Дулиттл, прославленный врач-ветеринар, живущий в викторианской Англии, потерял свою жену. Теперь он ведет затворнический образ жизни, скрывшись за высокими стенами своего поместья. Экзотические животные из его коллекции – его единственная компания.;фэнтези,комедия,приключения,семейный;6.4
Прошло десять лет... Наш отважный герой, искатель приключений Рик О'Конелл, теперь богат, счастливо женат на прекрасной Эвелин  и воспитывает своего восьмилетнего сына Алекса.;фэнтези,боевик,триллер,приключения;7.4
Фильм расскажет о похождениях юного космического сорвиголовы Хана Соло и его верного напарника Чубакки и о том, как они стали самыми быстрыми пилотами и самыми хитрыми контрабандистами далёкой Галактики.;фантастика,боевик,приключения;6.9
"Очередное вторжение инопланетян на Землю... Вы скажете: «Что может быть банальнее?!». Да, если бы на этот раз они не предстали в виде героев вселенски популярных компьютерных игр. Сражаться с пришельцами призвана команда бывших геймеров, в числе которых: Президент Соединенных Штатов Америки; карлик-зэк, большой ценитель прекрасного пола; зануда-параноик, свято верящий в теорию вселенского заговора; профессиональный неудачник и циник, в детстве подававший большие надежды. А помогает новоиспеченным героям очаровательная ученая фея.";мультфильм,фантастика,фэнтези,боевик,комедия;5.9
Библейские сюжеты давно и прочно вошли в нашу жизнь: вряд ли есть человек, не знающий о запретном плоде или о первородном грехе. Одной из наиболее известных историй, имеющих аналоги практически в любой религии и в мифологии разных народов, является история о Великом потопе – бедствии, которым Бог наказал человечество за его многочисленные грехи и покарал всех, кто не хотел жить по заветам Создателя. ;драма,приключения,фэнтези;6.6
Трогательная и захватывающая история сближения двух абсолютно разных собак - породистой комнатной неженки и обычной дворняги. Изящная и пушистая как игрушка, коккер-спаниельша Леди была любимицей хозяев, пока в их семье не появился младенец. Надетый намордник стал последней каплей, подтолкнувшей обиженную героиню к бегству. Но на улице ее поджидала целая куча опасностей, о существовании которых она даже не подозревала. И тогда на помощь миниатюрной черноглазой красотке пришел пес Бродяга, благородство которого было не в породе, а в душе.;мультфильм,мюзикл,мелодрама,комедия,приключения,семейный;8.2
Элизабет Слоун – самый востребованный и рисковый лоббист и самая сексуальная акула политического бизнеса США. Ловко ведя психологические игры и используя искусство манипуляции, она сражает оппонентов своей непредсказуемостью и никогда не проигрывает. Но когда она берется за самое сложное в своей карьере дело, она понимает, что цена победы может быть слишком высокой.;драма,криминал;7.8
История о Чарли, ученике старшей школы в Питтсбурге, стеснительном и непопулярном. На наших глазах Чарли взрослеет, меняется круг его общения, меняется его мнение о мире.;драма,мелодрама;7.5
Супершпион Лэнс Стерлинг и молодой ученый Уолтер Беккет - полные противоположности. Жизнерадостный Лэнс с удовольствием каждый день спасает города и страны. Хмурый Уолтер хочет отгородиться от всех в мире собственных изобретений и гаджетов. Но когда события принимают неожиданный оборот, этот маловероятный дуэт вынужден объединиться и проявить все свои способности в совершенно новом ключе. Странной паре потребуются невероятные чудеса маскировки ради спасения всего мира.;мультфильм,фантастика,фэнтези,боевик,триллер,комедия,приключения,семейный;7.4
Весь мир замер в ожидании свершения древнейшей церемонии - выбора главы католической церкви Папы Римского, но в судьбоносное решение вмешивается некая могущественная сила - заклятый враг католической церкви - таинственный орден Иллюминатов! Кандидаты на священный пост подвергаются свирепой ритуальной расправе один за другим. Перед лицом смертельной угрозы Ватикан вынужден обратиться за помощью к профессору - эксперту по религиозной символике Роберту Лэнгдону, который находит доказательства возрождения могущественного тайного братства, жестоко истребляемого в Средние века.;боевик,триллер,детектив;7.5
Фердинанд – самый добродушный бык во всей Испании. Несмотря на внушительные размеры и недюжинную силу, он с детства предпочитал сидеть на лужайке и любоваться цветами вместо того, чтобы бодаться с другими быками. По нелепой случайности Фердинанд был выбран среди других соплеменников для участия в бое быков в Мадриде.;мультфильм,семейный,комедия;7.6
Таинственный странник, преданный всеми, проданный в рабство, избранный судьбой вершить месть, станет одним из 47 воинов, бросивших вызов смерти. Явившись из другого мира, он восстанет против темных сил, чтобы защитить свою запретную любовь.;фэнтези,боевик,драма;6.8
Владельцу транспортной компании угрожают, намекая на двух племянников — близнецов, оставшихся без родителей и живущих у него. И тогда он нанимает двух бесшабашных братьев-качков в качестве телохранителей. Малолетние племяннички дают прикурить нянькам, изобретая все новые и новые каверзы. Но Питера и Дэвида голыми руками не возьмешь: в конце концов, они находят общий язык с маленькими разбойниками. Два великовозрастных шалопая находят свое зеркальное отражение в двух юных проказниках.;комедия,криминал,семейный;7.2
Проведя детство в Африке с родителями-зоологами, Кэйди Хэрон думала, что знает всё про правило «выживает сильнейший». Но закон джунглей полностью пересматривается, когда домашняя 15-летняя девушка в первый раз попадает в обычную школу и влюбляется в бывшего парня самой подлой девчонки в школе.;комедия;7.0
Молния МакКуин и его друг Мэтр отправляются в международное путешествие — когда МакКуин получает шанс участвовать в соревнованиях для самых быстрых машин в мире, Мировом Гран-При. Этапы этих престижных гонок заведут друзей в Токио, на набережные Парижа, на побережье Италии, и на улицы туманного Лондона.;мультфильм,комедия,приключения,семейный,спорт;6.8
После гибели Криса Нилсена в автокатастрофе он, обретя бессмертие, пытается остаться рядом со своей прекрасной, но смертной женой Энни. С помощью дружественного духа, приставленного к нему в качестве проводника, он начинает привыкать к своему новому существованию в окружении, которое иначе как райским не назовешь. Но когда его обезумевшая от горя жена кончает жизнь самоубийством, ее проклинают и навечно изгоняют в ад. Крис изо всех сил пытается отыскать любимую, чтобы всегда быть с ней, но еще никому и никогда не удавалось спасти грешную душу от ужасного, но заслуженного возмездия. Благодаря помощи своих небесных друзей Крис отправляется в самое опасное и мучительное путешествие в своей жизни, точнее, в жизни после смерти.;фэнтези,драма,мелодрама;7.9
Донни Дарко — обычный старшеклассник, живет с родителями и двумя сестрами. Однажды он встречает человека в костюме кролика, который сообщает парню, что через 28 дней, 6 часов, 42 минуты и 12 секунд наступит конец света.;фантастика,триллер,драма,детектив;7.6
Лос-Анджелес. На первый взгляд это самый обычный город, живущий своей жизнью. А вот если копнуть глубже, туда, где обитают преступные группировки и криминальные общины, понимаешь, как сложна работа тамошних полицейских. О таких бравых ребятах, служащих закону и заботящихся о порядке на улицах города, и пойдет речь. Перед нами двое неразлучных товарищей-копов. Эти ребята дорожат своей дружбой и готовы подставить друг другу плечо помощи в любую минуту. Нечасто случается, чтобы напарники были лучшими друзьями. Героям сопутствует успех в делах, они настоящие профессионалы в своем нелегком деле. И надо же было такому случиться, что во время патрулирования одного из самых преступных районов Лос-Анджелеса они попадают в водоворот страшных криминальных событий...;драма,криминал,боевик,триллер;7.7
Оптимус Прайм исчез. Люди ведут войну с Трансформерами. Ключ к нашему будущему погребен в тайнах прошлого, в скрытой истории Трансформеров на Земле… Миссия по спасению мира ложится на плечи разношерстной компании, состоящей из Кейда Йегера, Бамблби, английского лорда и профессора из Оксфорда. Пришла пора действовать! Жертвы станут героями. Герои станут злодеями. Выстоит только один мир: их или наш.;фантастика,боевик,приключения;5.6
Агент ФБР Уилл Грэм получает тяжелые ранения при исполнении и покидает службу. Но через несколько лет его втягивают в новое расследование – в городе появился серийный убийца, которого пресса окрестила как Зубная фея. Чтобы поймать маньяка, Грэму приходится обратиться за помощью к Ганнибалу Лектеру.;триллер,драма,детектив;7.8
Американской фигуристке Тоне Хардинг пришлось нелегко: сначала тяжелое детство с грозной матерью, потом тяжелая юность, ранний брак с проходимцем и неудачи на соревнованиях из-за заниженных судьями оценок. А потом случился скандал: во время важнейших соревнований план запугать конкурентку выходит Тоне боком.;биография,спорт,комедия,драма;7.3
Специальный агент отряда «Миссия невыполнима» Итан Хант и его коллеги несправедливо обвинены в причастности к взрыву Кремля. Президент инициирует «Протокол Фантом», в результате которого спецподразделение ликвидировано, и Итан остается без какой-либо поддержки. Он намерен очистить свое доброе имя и предотвратить новую атаку, но делать это ему придется вместе с командой коллег, истинных мотивов которых он до конца не знает.;боевик,триллер,приключения;7.3
Накануне важной деловой поездки молодой преуспевающий финансист Мэтью замечает в ресторане свою бывшую возлюбленную Лизу, которая таинственным образом исчезла два года назад и страстью к которой он все еще одержим. Забыв обо всем, Мэтью ступает на путь обмана и подозрений, чтобы выследить ее.;триллер,драма,мелодрама,детектив;7.8
Офицерам Шмидту и Дженко теперь предстоит работать под прикрытием в местном колледже. Однако когда Дженко встречает родственную душу в футбольной команде, а Шмидт проникает в богемную среду, они начинают сомневаться в их товариществе...;комедия,боевик,криминал;6.7
У Сьюзен роскошная жизнь в Лос-Анджелесе, прекрасный муж и собственная галерея. Но однажды она получает неожиданную посылку от бывшего супруга — он хотел бы встретиться, но сначала просит прочитать его новый роман. Сьюзен не подозревает, что как только она откроет рукопись, она вернется в прошлое, которое считала надежно укрытым под покровом ночи.;триллер,драма;7.3
Фильм основан на реальных событиях. Однажды тренеру по фитнесу надоело ходить в трениках. Он решил круто изменить свою судьбу и разбогатеть. Нашел двух других незадачливых качков и предложил им план похищения своего клиента-миллионера. Но если в организме мышц больше, чем мозгов, то даже самый лучший план, подсмотренный в экшен-боевике, может не сработать…;криминал,комедия,триллер,боевик;6.4
Героическая история диктатора, который рискует своей жизнью, чтобы ни в коем случае не допустить демократию в свою столь любовно угнетаемую страну.;комедия;6.5
Численность генетически модифицированных обезьян, возглавляемых Цезарем, продолжает увеличиваться, но обезьянам угрожают люди, которым удалось выжить во время ужасной эпидемии десятилетней давности. Поначалу между соперниками устанавливается хрупкий мир, но он оказывается недолговечным. Обезьяны и люди находятся на грани войны, в ходе которой выяснится, кто из них в будущем станет безраздельно править планетой.;фантастика,боевик,драма;7.0
Невероятная, но реальная история пути к званию чемпиона мира боксера Микки Уорда по кличке «Ирландец». Восхождение Уорда было похоже на восхождение легендарного Рокки. Парень из народа, между боями он трудился на дорожных работах. ;драма,биография,спорт;7.8
Чтобы спасти своего отца от верной гибели, байкер-экстремал Джонни Блэйз заключает сделку с дьяволом, объектом которой является его бессмертная душа. Проходят годы, и дьявол предъявляет свои права по контракту. Он превращает Джонни в Призрачного Гонщика, агента потусторонних сил, обладающего сверхчеловеческими способностями.;фэнтези,боевик,триллер;6.3
Экспонаты Музея Естественной истории живут обычной жизнью. По коридорам бегает скелет динозавра, герои гражданской войны сражаются друг с другом, древние люди добывают огонь, миниатюрные ковбои выясняют отношения с древними Римлянами, Теодор Рузвельт философствует о смысле жизни и ухаживает за индианкой. Никто из этой разношерстной компании даже не представляет, что скоро им предстоит познакомиться с новыми экспонатами. Среди них окажется и та, что разобьет сердце охраннику Ларри.;фэнтези,комедия,приключения,семейный;6.6
Фильм основан на реальных событиях из жизни легендарного водолаза Карла Брашира. Его наставник и старший офицер Билл Сандэй убежден, что неграм нечего делать во флоте, и самыми жестокими и бесчеловечными способами издевается и «обламывает» амбициозного новичка.;драма,биография;8.1
Колледж Хэррингтон давно утратил свою первозданность. Его обшарпанные коридоры ежедневно заполняет будущее Америки - одиночки и лидеры, пижоны и наркоманы, умники и кретины. Подобно подросткам везде и всюду, они ведут постоянную борьбу друг с другом.;ужасы,фантастика,триллер,комедия,детектив;7.3
Доктор Темперанс Бреннан - блестящий, но одинокий антрополог, получает то, чего она меньше всего желала – напарника. Бюро посылает ей амбициозного агента ФБР Сили Бута, чтобы помочь в расследовании нераскрытых дел, путем изучения и идентификации костей давно пропавших людей.;драма,мелодрама,комедия,криминал,детектив;8.0
Она владеет всеми видами рукопашного боя, стреляет из любых видов оружия и способна выжить в самых экстремальных условиях. Эта девушка - дочь лорда, леди Лара Крофт. Однажды под лестницей она обнаруживает вход в секретную комнату, где находятся старинные часы с удивительным устройством внутри.;фэнтези,боевик,триллер,приключения;6.8
Гэри Гудспид в результате спровоцированной им катастрофы на Земле отбывает 5-летний срок на космическом корабле. Незадолго до истечения срока Гэри сталкивается с таинственным инопланетянином, которого называет Пряник. Гэри даже не догадывается, что Пряник способен уничтожить Вселенную.;мультфильм,фантастика,фэнтези,боевик,драма,комедия,приключения;8.4
Мать-одиночка с двумя детьми-подростками Тревором и Фиби селится на старой ферме в Оклахоме, полученной в наследство от отца, который бросил её ещё ребёнком. Женщина рассчитывала хоть на какие-то деньги, но получила от папаши лишь долги. Однако любознательная Фиби обнаруживает в доме странные устройства, созданные дедом, и его лабораторию, а Тревор находит автомобиль Ecto-1, принадлежавший популярным в 1980-х охотникам за привидениями.;фантастика,комедия,боевик,фэнтези;7.0
Первая волна оставила за собой мглу. От второй успели убежать только самые везучие. Но едва ли можно назвать везучими тех, кто уцелел после третьей. А четвертая волна стерла все человеческие законы, взамен же установила свой, один-единственный: хочешь жить — не верь никому. И вот уже накатывает пятая волна…;фантастика,боевик,триллер,приключения;5.1
На удаленном острове семь будущих агентов ФБР проходят решающий тест, чтобы попасть в элитный отдел «охотников за разумом» - людей, по мельчайшим уликам и любым сведениям составляющих психологические профили опаснейших преступников.;ужасы,триллер,криминал;7.5
XXVI век, идеальный мир будущего. Здесь всё принадлежат всем, потребление возведено в культ, люди рождаются в инкубаторах и умирают без болезней и старости — а главное, каждый чувствует себя на вершине блаженства благодаря специальной таблетке. Синтетическую гармонию нарушает необычный человек извне, и перед жителями дивного нового мира встает опасный вопрос — верный ли путь к счастью они выбрали.;фантастика,триллер,драма;7.3
Уличная танцовщица Энди поступает в Мэрилендскую школу искусств. Занимаясь там, она стремится доказать, что ни в чем не уступает другим студентам. Познакомившись с лучшим учеником школы Чейзом, Энди создает коллектив, который должен выступать в подпольном танцевальном состязании «Улицы». В итоге Энди удается реализовать свои мечты и справиться с одолевающими ее проблемами...;драма,мелодрама,музыка;7.3
В темных переулках Города Грехов Дуайт планирует жестоко отомстить женщине по имени Ава Лорд, которая его предала, в то время как Нэнси пытается смириться со смертью детектива Хартигана.;боевик,триллер,криминал;6.9
Париж. Дочь миллионера, втайне промышляющего подделкой произведений искусства, объединяется с мошенником, чтобы выкрасть из музея один из «шедевров» отца и тем самым спасти его от разоблачения.;комедия,криминал,мелодрама;8.2
После смерти матери Анна попадает в клинику. После лечения она возвращается домой и узнаёт, что отец встречается с Рейчел, медсестрой, которая когда-то ухаживала за её умирающей матерью. Смятение Анны сменяется ужасом, когда её посещает призрак матери и сообщает о злобных намерениях медсестры. Вместе со своей сестрой она начинает расследовать странные обстоятельства гибели матери.;ужасы,фэнтези,триллер,драма,детектив;7.0
Действие разворачивается спустя 5 лет с момента событий фильма «Паранормальное явление 2». Алекс и её бойфренд борются с паранормальной активностью в их доме.;ужасы,детектив;4.9
После окончания спортивной карьеры хоккеист Эрик Лемарк уже не может жить без адреналина. Теперь драйв он находит в наркотиках и сноуборде. Когда лыжный патруль в горах Маммос (Калифорния) закрывает все трассы из-за надвигающейся бури, Лемарк решает сделать последний спуск и оказывается в смертельной снежной западне.;триллер,драма,биография,спорт;6.4
Верховный Судья Роберт Уэйкфилд получает задание возглавить войну против торговцев наркотиками. Наркобароны и коррумпированные полицейские, частные детективы и безобидные домохозяйки выстраиваются в запутанную схему. В процессе судья обнаруживает, что его собственная семнадцатилетняя дочь сидит на героине. Но машина правосудия уже запущена.;триллер,драма,криминал;7.2
Восемнадцатилетняя Дженни приходит в полный восторг, узнав, что ее любимая рок-звезда – Джейсон Мастерс, приехал отдыхать на тропический курорт, где она работает.;мелодрама,комедия,приключения;6.1
Во время гражданской войны закрытый южный пансион для девушек был надежно спрятан от внешнего мира до того дня, пока искавший помощи и укрытия раненый молодой северянин не ступил на его порог. С этого мгновения обитательницы пансиона оказываются в плену рокового искушения.;триллер,драма,военный;6.1
Короткая лента-мюзикл, повествующая о двух уличных музыкантах, которые состязаются в своем ремесле за единственную монетку бедной крестьянской девочки.;мультфильм,короткометражка,комедия,семейный,музыка;7.8
"Передвижения во времени породили новый тип преступлений. Можно изменять события прошлого, контролировать финансовые рынки и даже уничтожать целые народы. Правительство США создает специальное полицейское подразделение - патруль времени. ";фантастика,боевик,триллер,криминал;6.6
Марта застала своего парня за изменой и немного вышла из колеи. И тут она встречает, казалось бы, идеального мужчину. Но её идеал оказывается бывшим киллером, и его прошлое однажды вновь заявляет о себе, причем не самым приятным образом. И едва зародившиеся отношения начинают подвергаться серьёзным испытаниям.;боевик,мелодрама,комедия;6.1
Барбара Торсон - особенная, ее уникальный талант - это возможность видеть мир великанов. И этот мир угрожает людям. Барбаре никто не верит, но она единственная, кто может спасти человечество от исчезновения. Она объявляет великанам войну и готовится к главному сражению в своей жизни.;фэнтези,триллер,драма;6.1
Фильм рассказывает о молодой паре и о любви, которая охватывает десятилетия и континенты — от нью-йоркских улиц до испанской деревушки — и всё это оказывается связанным единым событием.;драма,мелодрама;7.6
Смерть жены стала для Берка Райана не только личной трагедией, но и, как бы кощунственно это ни звучало, удачным бизнесом. Вдовец написал книгу о том, как нужно справляться с потерей близких, и эта книга становится популярной, а вместе с ней и Берк. Не за горами выпуск ДВД и телевидение. Но Берк не негодяй, он искренне хочет помочь людям, и люди ему верят. Теперь Берк путешествует по стране и встречается с читателями, проводит тренинги и презентации. Жизнь вроде бы складывается, рана на сердце залечилась, но одиночество не дает покоя. И вот однажды Берк встречает Элоизу, красивую и независимую женщину. Берк влюбляется. Но если ты влюбился - это не значит, что уже в твоей душе все прекрасно.;драма,мелодрама;6.1
Могущественная корпорация ОСР одержима идеей строительства утопического Дельта-Сити на месте Детройта. С этой целью людей массово лишают домов, в городе царит преступность и коррупция. Организовано повстанческое движение, против которого выступает Робокоп и его напарница Льюис, чтобы в последний момент перейти на сторону восставших жителей города. ОСР намерена избавиться от Робокопа. С этой целью из Японии прибывает терминатор-самурай...;фантастика,боевик,триллер,криминал;6.0
История о невероятной дружбе между чернокожей правозащитницей Энн Атуотер и членом Ку-клукс-клана Клэйборном Эллисом. Они были ожесточёнными противниками, пока не попали в один комитет по решению расового разделения в школе. Давних врагов объединяет забота о будущем своих детей.;драма,биография,история;7.6
Роберт Миллер - харизматичный аферист и гениальный любовник. Он привык к тому, что в постелях его всегда ждут жена и любовница, которые, правда, попеременно закатывают ему скандалы, а огромные деньги делаются просто из воздуха. Но дутый бизнес не может держаться долго. Почуяв провал, он стремится поскорее продать свой хедж-фонд крупному банку, прежде чем раскроются его махинации. Непредвиденные события и нелепые ошибки толкают его на отчаянный шаг...;триллер,драма;6.6
Лос-Анджелес начала 1980-х. Компания молодых людей решает провернуть аферу, благоприятный исход которой сулит огромные деньги. Схема обогащения оказывается жизнеспособной и вместе с тем - смертельной.;триллер,драма,биография;5.8
До последнего года учебы в школе Адаму удаётся выдавать себя за обычного подростка, немного закрытого, но остроумного и интересующегося кулинарией. Все хорошо до одного момента: сложности в семье провоцируют приступ, после которого Адаму предстоит научиться уживаться не только с обозлившимися одноклассниками, но и с галлюцинациями в виде четырех напористых личностей. Помочь справиться с любой проблемой могут любовь и забота. Но как довериться другому человеку, если не можешь верить даже самому себе?;мелодрама;7.2
Жуткий призрак открывает сундук, где лежат комиксы со страшными рассказами. В коротких историях найдётся место американским оборотням, кровожадному пугалу, зомби, хитрому джинну, мстительным призракам и многим другим ужасным монстрам.;ужасы,фэнтези,комедия,фантастика;6.9
Три ведьмы проходят специальное обучение, чтобы помочь американским военным.;фантастика,фэнтези,триллер,драма;7.4
Женщина-врач по ошибке сообщает одному вредному пациенту, что ему осталось жить полтора часа. Стремясь исправить свою адскую оплошность, она устремляется на поиски человека, который решил, пока не поздно, исправить все ошибки, совершенные им в жизни.;драма,комедия;6.2
Частный детектив Стив Форд вынужден поставить на уши весь Лос-Анджелес ради того, чтобы вернуть себе своего похищенного пса.;боевик,комедия;5.8
Неизвестная, скрытая за газетными заголовками и вспышками фотоаппаратов история человека, ставшего рэп-легендой и погибшего в свои 25. Правда о том, как чернокожий выходец из гетто, участник криминальных разборок, неоднократно привлекавшийся к суду и развязавший смертельную войну рекорд-лейблов, становится настоящим голосом улиц и одним из самых влиятельных исполнителей в мировой рэп-культуре.;биография,музыка,драма;6.5
Когда суровый начальник пожарной части Джейк Карсон и его элитная команда опытных пожарных спасают троих детей, оказавшихся на пути наступающего лесного пожара, они быстро понимают, что никакие тренировки не могли подготовить их к самой сложной работе – стать няньками. Не имея возможности найти родителей детей, они сталкиваются с тем, что их жизни, работа и родное пожарное депо стремительно переворачиваются с ног на голову, ведь дети – как и пожары – дикие и непредсказуемые.;комедия,семейный;6.3
Фильм повествует об офицере, чей сын-солдат немотивированно отправляется в самоволку вскоре после возвращения в Штаты из Ирака, и исчезает без следа. Местный полицейский детектив берется помочь офицеру в расследовании...;драма,криминал,детектив;7.1
Один человек спасает другого от прыжка под поезд в Гарлеме. Двое людей с разным прошлым начинают после этого общаться и обмениваться мнениями относительно того, насколько в принципе важна человеческая жизнь.;драма;7.7
Сексуальная блондинка и заядлая тусовщица Кристина Уолтерс решает обучиться хорошим манерам и искусству обольщения мужчин. Однажды она встречает парня своей мечты, но тот, очаровав её, тут же исчезает. Кристина вместе с подругой отправляется на его поиски. Во время этого путешествия она узнает многое о себе и своей жизни.;комедия,мелодрама;6.1
При побеге из лечебницы для душевнобольных, четверо подростков похищают молодую медсестру. В погоню за ними пускается отряд полицейских во главе с техасским рейнджером Хэлом Хартменом, мстительным и беспощадным. Один из беглецов встает на полный трагедий и ужасов путь, который превратит его в маньяка — легенду по имени Кожаное лицо.;ужасы,триллер,криминал;5.2
Бывший бейсболист афро-американского происхождения, теперь собирающий мусор с улиц Питтсбурга, изо всех сил старается обеспечить свою семью в Америке 1950-х, где расовый вопрос все еще остается открытым.;драма;6.9
Джейн недавно потеряла ребёнка. Она хочет начать жизнь с чистого листа и надеется, что «умный» дом, построенный эксцентричным архитектором Эдвардом Монкфордом, поможет ей в этом. Правда, со временем выясняется, что у жилплощади имеется тайна — предыдущая жительница пропала без вести.;триллер,драма,мелодрама;7.2
Три разные истории объединяет ломбард в захолустном городишке. Именно там пересекаются персонажи, казалось бы, разных сюжетных линий.;криминал,комедия,боевик;6.4
Самые известные в мире сказки в современном переложении. Действие волшебных историй про Красную Шапочку, трех поросят и многих других перенесено в современный Нью-Йорк.;триллер,драма;6.9
Когда бывший полицейский становится единственным свидетелем убийства, на него открывается охота. Но втянув в игру его семью, преступник совершает большую ошибку, не предполагая, насколько его соперник действительно опасен.;боевик,триллер,криминал;5.3
Восемь лет назад человечество поразил неизвестный вирус, убивший практически всех женщин на Земле. Мужчина с 12-летней дочерью, у которой оказался иммунитет к заболеванию, путешествует по лесам Северной Америки, лишь при большой надобности приближаясь к городам. Отец всеми силами пытается оградить девочку от опасностей, подстерегающих путников на каждом шагу.;драма,фантастика;6.5
После смерти матери две несовершеннолетние сестры Оливия и Клэр прибывают в дом родной тёти Бет, которая не очень-то рада гостям. 40 лет назад в этом доме нечто убило её младшую сестру, и теперь женщина строго-настрого запрещает девочкам спускаться в подвал. Но ночью голос зовёт младшую Клэр: указывает ей, где найти ключ от подвала, велит подойти к зеркалу и произнести заклинание, чтобы тёмная сущность могла пробраться в этот мир.;ужасы;4.6
Приключения ёжика Соника и его друзей. Соник будет сражаться со своим ненавистным врагом доктором Эггманом, а помогать ему будут неизменные друзья: лисёнок Тейлза, ехидна Наклза, ежиха Эми Роуз и барсучиха Стикс. Также у Соника появятся новые враги, которые будут строить герою новые козни.;мультфильм,фантастика,боевик,комедия,приключения,семейный;6.2
После несчастного случая на проселочной дороге Эмилия и ее друзья думают, что худшее позади, и что за ними уже едет помощь. Но их кошмар только начинается, когда санитарная машина отвозит компанию в иронично названный госпиталь «Благодарения» - место, где клятвой Гиппократа прикрываются ужасные эксперименты.;ужасы,триллер,детектив;5.1
Патрик - добросердечный крестьянин, который занимает желанную роль оруженосца в королевском замке. Однако работа его мечты быстро превращается в сущий кошмар, когда он узнает, что его любимое королевство управляется гнездом алчных и разнузданных монархов. Хуже того, доблесть Патрика сделала его белой вороной в семье, где преступные братья хотят сделать его жизнь адом.;мультфильм,фэнтези,комедия;7.6
История неисправимого вора Форреста Таккера, который большую часть жизни посвятил обчищению банков и побегам из тюрем. На закате своей беспокойной карьеры 78-летний Таккер никак не может избавиться от старых привычек.;драма,комедия,криминал,биография;6.5
Темнокожий житель Окленда Кассиус Грин живёт в гараже у родного дяди, которого со дня на день могут лишить жилья за долги, поэтому парень устраивается туда, куда берут всех - в колл-центр. Обзванивая потенциальных покупателей, Кассиус сталкивается с тотальным безразличием, когда получает совет от бывалого коллеги использовать так называемый «белый голос». С этого момента его продажи растут, и жизнь меняется, но в это время недовольные системой оплаты коллеги решают устроить забастовку и основать профсоюз.;комедия,фантастика;6.4
Ролланд Саллинджер был крутым полицейским, которого  неоднократно подставлял собственный напарник. Его выгнали из войск, отвергли и забыли близкие. Однако, когда влиятельный человек просит защитить свою дочь, только один человек берётся за дело. Ставки велики и многое теперь поставлено на кон. ;боевик,триллер,криминал;5.9
